window,w2v_type,accuracy,f1,recall,precision,roc_auc
1,cbow,0.8232092308291776,0.8254167300119993,0.8359888562812788,0.8151339573807851,0.886472483338574
2,cbow,0.826795679596312,0.8285563658862134,0.8372073733692968,0.820105612249378,0.8898965995752344
3,cbow,0.8308517522205721,0.8322549542286799,0.8394160288806489,0.8252285034545779,0.8931669800213948
4,cbow,0.8328056641995054,0.8342384843670839,0.8416345028793074,0.826979317370499,0.895491592576572
5,cbow,0.834660581633553,0.8360260227027021,0.8432195383970023,0.8289672664047659,0.8971316337616286
