vector_size,w2v_type,accuracy,f1,recall,precision,roc_auc
100,cbow,0.8328056244389751,0.8340898755291828,0.8407459904445277,0.8275616929358911,0.8960106248425511
200,cbow,0.8352047289584293,0.8364981766603495,0.8433590105894538,0.8297591872593506,0.898974927829079
300,cbow,0.8363176353764242,0.8374646576694346,0.8436081282144897,0.8314210874991552,0.8983679809702189
400,cbow,0.8342895547160103,0.8355605160028153,0.8423487622886305,0.8288933067655669,0.8981166772566199
500,cbow,0.835328304686534,0.8365154487414429,0.8428579612105551,0.8302771178503964,0.8979358358702584
600,cbow,0.8333002668451528,0.834634091357944,0.8415853579206146,0.8278065260516788,0.8964214033082232
700,cbow,0.8332014007573646,0.8344298653829417,0.8408314299301933,0.8281283622577431,0.8970713535548815
